id,first_name,last_name,email,sales
1,Moreen,Sambles,msambles0@wunderground.com,83
2,Corrina,Dybell,cdybell1@blogspot.com,
3,Reed,Mateescu,rmateescu2@1und1.de,61
4,Connie,Groarty,cgroarty3@infoseek.co.jp,
5,Ashlen,Lackinton,alackinton4@yellowpages.com,95
6,Cordelia,Raggett,craggett5@samsung.com,83
7,Harli,Bilby,hbilby6@multiply.com,27
8,Ellie,Hugh,ehugh7@fastcompany.com,39
9,Dorette,Joysey,djoysey8@cnet.com,9
10,Erny,Orehead,eorehead9@cyberchimps.com,55
11,Lula,Alford,lalforda@google.nl,
12,Henryetta,Harlock,hharlockb@businesswire.com,38
13,Clevie,Dwyr,cdwyrc@taobao.com,76
14,Edyth,Sobczak,esobczakd@ted.com,68
15,Wilie,Bergin,wbergine@gmpg.org,
16,Erma,Aldritt,ealdrittf@sphinn.com,81
17,Brade,Chat,bchatg@soup.io,38
18,Adena,Kinghorne,akinghorneh@ow.ly,
19,Bogart,Paudin,bpaudini@friendfeed.com,
20,Stuart,Andreix,sandreixj@behance.net,
21,Shannah,Perigoe,sperigoek@youtube.com,24
22,Reba,Lepope,rlepopel@google.co.uk,
23,Hewie,Rives,hrivesm@dyndns.org,72
24,Feliza,Fowles,ffowlesn@friendfeed.com,
25,Flore,Ebden,febdeno@surveymonkey.com,29
26,Major,Seer,,91
27,Ede,Deave,edeaveq@latimes.com,42
28,Powell,Morling,,23
29,Alisun,Aizlewood,aaizlewoods@spotify.com,46
30,Solly,Moens,,73
31,Rodd,Jordin,rjordinu@about.com,65
32,Corina,Pelzer,cpelzerv@icq.com,86
33,Freedman,Wolstencroft,fwolstencroftw@princeton.edu,16
34,Roland,Calbrathe,rcalbrathex@stanford.edu,
35,Quintin,Mac Giany,,53
36,Dorthy,Greenhall,dgreenhallz@uiuc.edu,
37,Karoline,Marc,kmarc10@mayoclinic.com,66
38,Prudi,Sidey,psidey11@umich.edu,70
39,Moshe,Guerin,mguerin12@si.edu,88
40,Shermie,Jago,sjago13@google.co.jp,20
41,Darin,Woolatt,dwoolatt14@plala.or.jp,57
42,Jenni,Pontefract,jpontefract15@friendfeed.com,
43,Doreen,Cawtheray,dcawtheray16@reuters.com,
44,Hannah,Frost,,
45,Hewie,Eseler,heseler18@goo.ne.jp,
46,Diena,Piddocke,dpiddocke19@eepurl.com,3
47,Rog,De Freyne,rdefreyne1a@google.ru,74
48,Cody,Bachelor,cbachelor1b@intel.com,36
49,Wiley,Chicchelli,wchicchelli1c@imgur.com,74
50,Molli,Huntington,mhuntington1d@reuters.com,
51,Tybie,Peacher,tpeacher1e@zimbio.com,99
52,Harriet,Chrismas,hchrismas1f@bluehost.com,
53,Bryana,Guinane,bguinane1g@naver.com,
54,Siana,Hendin,shendin1h@mozilla.org,42
55,Joceline,Kraut,jkraut1i@tamu.edu,5
56,Cathee,Cardinale,ccardinale1j@bloomberg.com,12
57,Free,Flaune,fflaune1k@acquirethisname.com,29
58,Melvin,Craydon,mcraydon1l@cyberchimps.com,
59,Ede,Berg,eberg1m@cornell.edu,53
60,Wendall,Curro,wcurro1n@google.ru,65
61,Sullivan,Udy,sudy1o@shutterfly.com,
62,Sutton,Crathern,,70
63,Faye,Lipyeat,flipyeat1q@cdbaby.com,6
64,Claire,Owlner,cowlner1r@businesswire.com,12
65,Hephzibah,Eliyahu,heliyahu1s@dailymail.co.uk,86
66,Caprice,Chamberlen,cchamberlen1t@wix.com,
67,Nicko,Diament,ndiament1u@tmall.com,98
68,Lib,Pammenter,lpammenter1v@ucla.edu,21
69,Chantalle,Heineken,cheineken1w@spotify.com,71
70,Loise,Godain,lgodain1x@eventbrite.com,70
71,Tani,Janeway,tjaneway1y@unicef.org,94
72,Matthias,Chaunce,mchaunce1z@weather.com,35
73,Datha,Crew,dcrew20@ehow.com,69
74,Pryce,Wardel,pwardel21@1688.com,16
75,Erhard,Seago,eseago22@mtv.com,70
76,Yul,Legrice,ylegrice23@domainmarket.com,87
77,Gertie,Palfrey,gpalfrey24@deliciousdays.com,56
78,Malvina,Grotty,mgrotty25@dion.ne.jp,
79,Annetta,Vaudin,avaudin26@dyndns.org,11
80,Rozanna,Francesconi,rfrancesconi27@businesswire.com,
81,Garvey,Darridon,gdarridon28@psu.edu,13
82,Lyle,Richard,lrichard29@de.vu,
83,Julietta,Snookes,jsnookes2a@apache.org,39
84,Franciskus,Haycraft,fhaycraft2b@qq.com,12
85,Tye,Shepcutt,tshepcutt2c@abc.net.au,10
86,Genny,Baysting,gbaysting2d@sogou.com,7
87,Claudie,Harvison,,54
88,Adoree,Alvaro,aalvaro2f@marketwatch.com,91
89,Cinderella,Prangley,cprangley2g@booking.com,16
90,Saba,Lozano,slozano2h@sina.com.cn,85
91,Nelly,Texton,ntexton2i@comsenz.com,96
92,Atalanta,Picot,apicot2j@bbb.org,12
93,Dillie,Impy,dimpy2k@netvibes.com,58
94,Phillipp,Southcoat,psouthcoat2l@xing.com,3
95,Maureene,McArte,mmcarte2m@hc360.com,
96,Chester,Lantuffe,clantuffe2n@baidu.com,15
97,Albert,Kellington,akellington2o@npr.org,74
98,Ezmeralda,Darlasson,edarlasson2p@flickr.com,28
99,Claire,Loker,cloker2q@ucoz.ru,48
100,Billye,Steinson,bsteinson2r@youku.com,
